Date,AAPL,SMA_AAPL,TSLA,SMA_TSLA
2019-01-02,38.382225036621094,,62.02399826049805,
2019-01-03,34.55907440185547,,60.071998596191406,
2019-01-04,36.03437805175781,,63.53799819946289,
2019-01-07,35.95417022705078,,66.99199676513672,
2019-01-08,36.63956832885742,,67.06999969482422,
2019-01-09,37.26177215576172,,67.70600128173828,
2019-01-10,37.380863189697266,,68.99400329589844,
2019-01-11,37.013858795166016,,69.4520034790039,
2019-01-14,36.4572868347168,,66.87999725341797,
2019-01-15,37.20343780517578,,68.88600158691406,
2019-01-16,37.657936096191406,,69.20999908447266,
2019-01-17,37.88154602050781,,69.46199798583984,
2019-01-18,38.11487579345703,,60.45199966430664,
2019-01-22,37.259342193603516,,59.784000396728516,
2019-01-23,37.410030364990234,,57.518001556396484,
2019-01-24,37.113521575927734,,58.301998138427734,
2019-01-25,38.34333801269531,,59.40800094604492,
2019-01-28,37.988487243652344,,59.2760009765625,
2019-01-29,37.59474182128906,,59.492000579833984,
2019-01-30,40.16377258300781,,61.75400161743164,
2019-01-31,40.453006744384766,,61.40399932861328,
2019-02-01,40.472450256347656,,62.44200134277344,
2019-02-04,41.622066497802734,,62.577999114990234,
2019-02-05,42.33420181274414,,64.2699966430664,
2019-02-06,42.34878158569336,,63.444000244140625,
2019-02-07,41.546722412109375,,61.50199890136719,
2019-02-08,41.59553909301758,,61.15999984741211,
2019-02-11,41.35633087158203,,62.56800079345703,
2019-02-12,41.71269989013672,38.606483713785806,62.36199951171875,63.48539975484212
2019-02-13,41.539398193359375,38.71318079630534,61.63399887084961,63.32119979858398
2019-02-14,41.69073486328125,38.823464457194014,60.75400161743164,63.278866577148435
2019-02-15,41.59797286987305,39.05809440612793,61.57600021362305,63.32899996439616
2019-02-19,41.72246551513672,39.247697321573895,61.12799835205078,63.24866663614909
2019-02-20,41.990962982177734,39.44892374674479,60.512001037597656,63.032666778564455
2019-02-21,41.75419616699219,39.619411341349284,58.24599838256836,62.738533401489256
2019-02-22,42.22041702270508,39.78469950358073,58.94200134277344,62.44640007019043
2019-02-25,42.5279655456543,39.95626958211263,59.75400161743164,62.13840001424153
2019-02-26,42.5523796081543,40.14088694254557,59.571998596191406,61.80906651814779
2019-02-27,42.684181213378906,40.348450088500975,62.948001861572266,61.67800000508626
2019-02-28,42.26434326171875,40.51714693705241,63.97600173950195,61.51433334350586
2019-03-01,42.70859146118164,40.68550211588542,58.95800018310547,61.17260004679362
2019-03-04,42.92338943481445,40.85356356302897,57.071998596191406,60.75960006713867
2019-03-05,42.84528350830078,41.01124382019043,55.30799865722656,60.58813336690267
2019-03-06,42.5987548828125,41.18922424316406,55.24800109863281,60.43693339029948
2019-03-07,42.105682373046875,41.34574597676595,55.31800079345703,60.36360003153483
2019-03-08,42.20576858520508,41.51548754374186,56.827999114990234,60.31446673075358
2019-03-11,43.667869567871094,41.69297192891439,58.183998107910156,60.27366663614909
2019-03-12,44.15848922729492,41.89863866170247,56.672000885009766,60.18686663309733
2019-03-13,44.3537712097168,42.12393964131673,57.79199981689453,60.13019994099935
2019-03-14,44.84682083129883,42.2800412495931,57.992000579833984,60.004799906412764
2019-03-15,45.43021011352539,42.44594802856445,55.08599853515625,59.79419987996419
2019-03-18,45.893985748291016,42.626665878295896,53.89799880981445,59.509399795532225
2019-03-19,45.53028869628906,42.75693995157878,53.49399948120117,59.20659980773926
2019-03-20,45.928157806396484,42.87673848470052,54.720001220703125,58.88826662699382
2019-03-21,47.61970520019531,43.052435938517256,54.80400085449219,58.60026664733887
2019-03-22,46.63357925415039,43.221997833251955,52.90599822998047,58.31373329162598
2019-03-25,46.06972885131836,43.37113749186198,52.08399963378906,58.011199951171875
2019-03-26,45.59375,43.51238479614258,53.55400085449219,57.710733286539714
2019-03-27,46.003822326660156,43.65542221069336,54.965999603271484,57.464199956258135
2019-03-28,46.06484603881836,43.80627047220866,55.7239990234375,57.2671999613444
2019-03-29,46.36507034301758,43.96208165486654,55.97200012207031,57.10779991149902
2019-04-01,46.67995071411133,44.13148091634115,57.83599853515625,56.983133188883464
2019-04-02,47.358524322509766,44.31934954325358,57.17599868774414,56.85139986673991
2019-04-03,47.68316650390625,44.509089660644534,58.36199951171875,56.779733149210614
2019-04-04,47.766151428222656,44.70948816935221,53.555999755859375,56.623399861653645
2019-04-05,48.085914611816406,44.90500475565592,54.992000579833984,56.491733169555665
2019-04-08,48.84260177612305,45.11549263000488,54.63999938964844,56.321266428629556
2019-04-09,48.69614028930664,45.32028465270996,54.46200180053711,56.150933202107744
2019-04-10,48.96952438354492,45.5297960917155,55.21200180053711,55.893066533406575
2019-04-11,48.5618896484375,45.73971430460612,53.683998107910156,55.54999974568685
2019-04-12,48.54236602783203,45.9341734568278,53.540000915527344,55.36939977010091
2019-04-15,48.6302375793457,46.12440172831217,53.2760009765625,55.24286651611328
2019-04-16,48.63512420654297,46.31739641825358,54.672000885009766,55.22166659037272
2019-04-17,49.582191467285156,46.550177637736006,54.24599838256836,55.18826649983724
2019-04-18,49.760379791259766,46.8053342183431,54.652000427246094,55.16606648763021
2019-04-22,49.92392349243164,47.06260604858399,52.54999923706055,55.02346649169922
2019-04-23,50.643985748291016,47.29514325459798,52.779998779296875,54.84333318074544
2019-04-24,50.56588363647461,47.5087230682373,51.731998443603516,54.67866643269857
2019-04-25,50.10698318481445,47.70049680074056,49.5260009765625,54.403133138020834
2019-04-26,49.86778259277344,47.867862192789715,47.02799987792969,54.037666447957356
2019-04-29,49.94345474243164,48.01830368041992,48.29399871826172,53.81126645406087
2019-04-30,48.98173141479492,48.121228535970054,47.737998962402344,53.6059331258138
2019-05-01,51.38602828979492,48.31641985575358,46.801998138427734,53.38286641438802
2019-05-02,51.05162048339844,48.48720194498698,48.81999969482422,53.18619969685872
2019-05-03,51.68626022338867,48.62275377909342,51.00600051879883,53.05959968566894
2019-05-06,50.88808059692383,48.764570490519205,51.06800079345703,52.9983331044515
2019-05-07,49.516292572021484,48.879455947875975,49.4119987487793,52.9092664082845
2019-05-08,49.52605438232422,49.010532760620116,48.96799850463867,52.756399663289386
2019-05-09,48.99393844604492,49.11020329793294,48.395999908447266,52.53739967346191
2019-05-10,48.31520080566406,49.185215123494466,47.90399932861328,52.276733016967775
2019-05-13,45.50714874267578,49.15661773681641,45.402000427246094,51.92439969380697
2019-05-14,46.2275390625,49.14153734842936,46.46200180053711,51.545266469319664
2019-05-15,46.78129959106445,49.122296524047854,46.38999938964844,51.18573315938314
2019-05-16,46.57548141479492,49.08537368774414,45.66600036621094,50.76253318786621
2019-05-17,46.31085205078125,49.03686370849609,42.20600128173828,50.384199905395505
2019-05-20,44.862709045410156,48.92942352294922,41.071998596191406,49.92019983927409
2019-05-21,45.72277069091797,48.825429153442386,41.01599884033203,49.46606648763021
2019-05-22,44.7867546081543,48.69511629740397,38.54600143432617,48.935533142089845
2019-05-23,44.02226257324219,48.53020757039388,39.097999572753906,48.39839973449707
2019-05-24,43.85318374633789,48.37325070699056,38.125999450683594,47.87979977925618
2019-05-28,43.6718635559082,48.2109006245931,37.7400016784668,47.35313313802083
2019-05-29,43.463592529296875,48.038679122924805,37.97200012207031,46.84299977620443
2019-05-30,43.68901824951172,47.8738089243571,37.64400100708008,46.27539978027344
2019-05-31,42.8975715637207,47.650988260904946,37.03200149536133,45.7015998840332
2019-06-03,42.463863372802734,47.40777104695638,35.79399871826172,45.07299982706706
2019-06-04,44.01736068725586,47.21088562011719,38.720001220703125,44.611999893188475
2019-06-05,44.72794723510742,47.013684336344404,39.31800079345703,44.16326662699382
2019-06-06,45.38462829589844,46.840975824991865,41.189998626708984,43.81186663309733
2019-06-07,46.59263229370117,46.72383079528809,40.900001525878906,43.52433331807455
2019-06-10,47.18805694580078,46.63450660705566,42.57600021362305,43.37593332926432
2019-06-11,47.734474182128906,46.560873921712236,43.41999816894531,43.21346664428711
2019-06-12,47.582557678222656,46.51423479715983,41.85200119018555,43.01726671854655
2019-06-13,47.572750091552734,46.38712552388509,42.78200149536133,42.883266830444335
2019-06-14,47.22726058959961,46.259646860758465,42.98400115966797,42.68873354593913
2019-06-17,47.5090446472168,46.12040634155274,45.00600051879883,42.48873354593913
2019-06-18,48.62638854980469,46.045016606648765,44.948001861572266,42.284733581542966
2019-06-19,48.48426818847656,46.010615793863934,45.2859992980957,42.14720026652018
2019-06-20,48.87386703491211,45.98887621561686,43.92399978637695,41.97906697591146
2019-06-21,48.70725631713867,45.97932014465332,44.37200164794922,41.844933700561526
2019-06-24,48.658241271972656,45.99075482686361,44.72800064086914,41.73906707763672
2019-06-25,47.92070388793945,46.071206665039064,43.95199966430664,41.69073371887207
2019-06-26,48.957183837890625,46.16219482421875,43.854000091552734,41.60380032857259
2019-06-27,48.942474365234375,46.23423398335775,44.56800079345703,41.54306704203288
2019-06-28,48.49652099609375,46.29826863606771,44.69200134277344,41.5106004079183
2019-07-01,49.385986328125,46.40077311197917,45.433998107910156,41.61820030212402
2019-07-02,49.67512130737305,46.5611868540446,44.90999984741211,41.746133677164714
2019-07-03,50.08677291870117,46.7066535949707,46.97999954223633,41.94493370056152
2019-07-05,50.04266357421875,46.88185056050619,46.619998931884766,42.214066950480145
2019-07-08,49.01108932495117,47.04814478556315,46.06800079345703,42.44640032450358
2019-07-09,49.310020446777344,47.23003934224447,46.012001037597656,42.70926704406738
2019-07-10,49.79763412475586,47.434231694539385,47.784000396728516,43.044067001342775
2019-07-11,49.434993743896484,47.633278401692706,47.720001220703125,43.3690003712972
2019-07-12,49.814788818359375,47.83747075398763,49.01599884033203,43.748066965738936
2019-07-15,50.28280258178711,48.08364512125651,50.70000076293945,44.20366694132487
2019-07-16,50.10882568359375,48.33847719828288,50.47600173950195,44.69306704203288
2019-07-17,49.82704544067383,48.53213335673014,50.97200012207031,45.101467005411784
2019-07-18,50.39306640625,48.720970662434894,50.70800018310547,45.4811336517334
2019-07-19,49.640811920166016,48.86284344991048,51.63600158691406,45.8293337504069
2019-07-22,50.77531433105469,49.00226618448893,51.13600158691406,46.17053375244141
2019-07-23,51.172264099121094,49.13507308959961,52.034000396728516,46.485800425211586
2019-07-24,51.1306037902832,49.24827740987142,52.97600173950195,46.80433387756348
2019-07-25,50.7263069152832,49.35306905110677,45.763999938964844,46.93473383585612
2019-07-26,50.9027214050293,49.46406809488932,45.608001708984375,47.02893384297689
2019-07-29,51.378082275390625,49.60242881774902,47.15399932861328,47.167933781941734
2019-07-30,51.157562255859375,49.724046071370445,48.45199966430664,47.28280042012533
2019-07-31,52.201385498046875,49.84321263631185,48.321998596191406,47.395266977945965
2019-08-01,51.071800231933594,49.929463704427086,46.77000045776367,47.44473368326823
2019-08-02,49.9912109375,49.966708501180015,46.86800003051758,47.542867024739586
2019-08-05,47.3742790222168,49.922275924682616,45.66400146484375,47.585933685302734
2019-08-06,48.27109146118164,49.90937093098958,46.150001525878906,47.63333371480306
2019-08-07,48.770957946777344,49.93771273295085,46.683998107910156,47.72440032958984
2019-08-08,49.846641540527344,49.96736132303874,47.65999984741211,47.85126698811849
2019-08-09,49.43588638305664,49.98380839029948,47.00199890136719,47.93240025838216
2019-08-12,49.310447692871094,50.010939280192055,45.801998138427734,47.96940015157064
2019-08-13,51.398658752441406,50.0780283610026,47.0,48.0216002146403
2019-08-14,49.86878204345703,50.08448371887207,43.92399978637695,47.98873354593913
2019-08-15,49.620357513427734,50.06893653869629,43.12799835205078,47.86033350626628
2019-08-16,50.791141510009766,50.093885803222655,43.987998962402344,47.772600173950195
2019-08-19,51.73809051513672,50.18478584289551,45.36600112915039,47.749200185139976
2019-08-20,51.74055099487305,50.265803527832034,45.172000885009766,47.721200180053714
2019-08-21,52.30134201049805,50.34926045735677,44.16600036621094,47.600600179036455
2019-08-22,52.25707244873047,50.4433297475179,44.43000030517578,47.49093348185222
2019-08-23,49.84172439575195,50.444227600097655,42.279998779296875,47.26640014648437
2019-08-26,50.78867721557617,50.461090087890625,43.0,47.00973345438639
2019-08-27,50.21558380126953,50.46464869181315,42.816001892089844,46.75440012613932
2019-08-28,50.552555084228516,50.48883234659831,43.11800003051758,46.49260012308756
2019-08-29,51.40850067138672,50.5226801554362,44.34199905395508,46.280400085449216
2019-08-30,51.34209060668945,50.57938944498698,45.12200164794922,46.06326675415039
2019-09-03,50.594364166259766,50.57335777282715,45.00199890136719,45.8587999979655
2019-09-04,51.4527702331543,50.58270797729492,44.13600158691406,45.59553337097168
2019-09-05,52.45875930786133,50.62697982788086,45.91600036621094,45.36019999186198
2019-09-06,52.45383834838867,50.684564208984376,45.4900016784668,45.351066716512044
2019-09-09,52.67766189575195,50.74372889200846,46.358001708984375,45.37606671651204
2019-09-10,53.29994583129883,50.807791010538736,47.108001708984375,45.37453346252441
2019-09-11,54.99462890625,50.935693232218426,49.41999816894531,45.4068000793457
2019-09-12,54.871646881103516,51.02470194498698,49.17399978637695,45.43520011901855
2019-09-13,53.80417251586914,51.11578102111817,49.040000915527344,45.51086680094401
2019-09-16,54.08702850341797,51.25230827331543,48.5620002746582,45.5673334757487
2019-09-17,54.28379821777344,51.482625579833986,48.95800018310547,45.67713343302409
2019-09-18,54.792938232421875,51.70002047220866,48.698001861572266,45.7620667775472
2019-09-19,54.347747802734375,51.88591346740723,49.31999969482422,45.849933497111
2019-09-20,53.553287506103516,52.00946833292643,48.124000549316406,45.86540018717448
2019-09-23,53.79679489135742,52.154831949869795,48.24599838256836,45.90686683654785
2019-09-24,53.54098129272461,52.29584973653157,44.641998291015625,45.86820017496745
2019-09-25,54.36496353149414,52.3947265625,45.7400016784668,45.82620023091634
2019-09-26,54.084571838378906,52.5352528889974,48.512001037597656,45.97913360595703
2019-09-27,53.82138442993164,52.67528711954753,48.42599868774414,46.15573361714681
2019-09-30,55.08809280395508,52.818518829345706,48.17399978637695,46.295266977945964
2019-10-01,55.2405891418457,52.935268783569335,48.9379997253418,46.41433359781901
2019-10-02,53.85582733154297,53.005777994791664,48.625999450683594,46.52946688334147
2019-10-03,54.313316345214844,53.07284380594889,46.60599899291992,46.610800170898436
2019-10-04,55.835819244384766,53.192135365804035,46.2859992980957,46.67266680399577
2019-10-07,55.848114013671875,53.39234835306804,47.54399871826172,46.84813346862793
2019-10-08,55.1938591003418,53.53918774922689,48.0099983215332,47.015133412679035
2019-10-09,55.84073257446289,53.72669270833333,48.90599822998047,47.218133290608726
2019-10-10,56.59337615966797,53.92805341084798,48.948001861572266,47.41246668497721
2019-10-11,58.098663330078125,54.15105883280436,49.577999114990234,47.58700002034505
2019-10-14,58.01503372192383,54.37349026997884,51.391998291015625,47.795999908447264
2019-10-15,57.8797607421875,54.616336822509766,51.577999114990234,48.01519991556803
2019-10-16,57.64609909057617,54.82278111775716,51.95000076293945,48.27566655476888
2019-10-17,57.86992263793945,55.003153228759764,52.39400100708008,48.49159990946452
2019-10-18,58.147857666015625,55.19295387268066,51.38999938964844,48.68826649983724
2019-10-21,59.15629959106445,55.408908462524415,50.70000076293945,48.832999801635744
2019-10-22,59.02103042602539,55.59961128234863,51.11600112915039,48.966599782307945
2019-10-23,59.81302261352539,55.76022440592448,50.93600082397461,49.017133204142254
2019-10-24,59.911399841308594,55.92821617126465,59.93600082397461,49.37586657206217
2019-10-25,60.649288177490234,56.15638669331869,65.6259994506836,49.92873318990072
2019-10-28,61.25681686401367,56.395379638671876,65.54199981689453,50.49473317464193
2019-10-29,59.84006881713867,56.58058865865072,63.24399948120117,50.97093315124512
2019-10-30,59.83269500732422,56.74858055114746,63.00199890136719,51.447733052571614
2019-10-31,61.18548583984375,56.97650515238444,62.98400115966797,51.90319976806641
2019-11-01,62.92197799682617,57.28879483540853,62.6619987487793,52.387799708048504
2019-11-04,63.3351936340332,57.606741460164386,63.49399948120117,52.896066411336264
2019-11-05,63.24418258666992,57.9301815032959,63.444000244140625,53.522799809773765
2019-11-06,63.271240234375,58.227057393391924,65.31600189208984,54.175333150227864
2019-11-07,64.00147247314453,58.557620747884116,67.10800170898438,54.79519983927409
2019-11-08,64.17662811279297,58.90279553731283,67.4280014038086,55.42859992980957
2019-11-11,64.6848373413086,59.222687021891275,69.01799774169922,56.123399861653645
2019-11-12,64.62562561035156,59.535521570841475,69.98600006103516,56.82499987284343
2019-11-13,65.24484252929688,59.9151554107666,69.22200012207031,57.51153322855632
2019-11-14,64.79338836669922,60.264491144816084,69.87000274658203,58.287000020345054
2019-11-15,65.56309509277344,60.5887336730957,70.43399810791016,59.09193331400554
2019-11-18,65.8936767578125,60.92358576456706,69.99800109863281,59.840400060017906
2019-11-19,65.69384002685547,61.27358512878418,71.90399932861328,60.63686676025391
2019-11-20,64.92906188964844,61.57652943929036,70.44400024414062,61.35480016072591
2019-11-21,64.6379623413086,61.84468231201172,70.96600341796875,62.08873354593913
2019-11-22,64.58122253417969,62.060767618815106,66.60800170898438,62.65640029907227
2019-11-25,65.71357727050781,62.31738573710124,67.26799774169922,63.18560028076172
2019-11-26,65.20044708251953,62.561408615112306,65.78399658203125,63.65913352966309
2019-11-27,66.07622528076172,62.84241282145182,66.25800323486328,64.13606694539388
2019-11-29,65.93067169189453,63.11110445658366,65.98799896240234,64.58920021057129
2019-12-02,65.1683578491211,63.34512112935384,66.9739990234375,65.10866686503093
2019-12-03,64.00641632080078,63.50679168701172,67.23999786376953,65.66000010172526
2019-12-04,64.57135772705078,63.6918025970459,66.60600280761719,66.17633349100748
2019-12-05,65.5186767578125,63.88199106852213,66.0739974975586,66.68093338012696
2019-12-06,66.78425598144531,64.11108627319337,67.1780014038086,66.92233339945476
2019-12-09,65.8492660522461,64.28441886901855,67.90599822998047,66.99833335876465
2019-12-10,66.23412322998047,64.45032908121745,69.76799774169922,67.13919995625814
2019-12-11,66.79905700683594,64.68229535420735,70.54000091552734,67.38240000406901
2019-12-12,66.96927642822266,64.92018140157064,71.93599700927734,67.68019994099934
2019-12-13,67.87960815429688,65.14331881205241,71.6780014038086,67.96999994913737
2019-12-16,69.04156494140625,65.34730504353841,76.30000305175781,68.42460009256999
2019-12-17,69.17724609375,65.54204012552897,75.7979965209961,68.83473332722981
2019-12-18,69.01194763183594,65.73429896036784,78.62999725341797,69.34093322753907
2019-12-19,69.08103942871094,65.92795893351237,80.80799865722656,69.85733311971029
2019-12-20,68.93795013427734,66.09250818888346,81.11799621582031,70.32433293660482
2019-12-23,70.06290435791016,66.28871739705404,83.84400177001953,70.87153294881185
2019-12-24,70.12950897216797,66.47020645141602,85.05000305175781,71.4059331258138
2019-12-26,71.52091217041016,66.7000493367513,86.18800354003906,71.94599990844726
2019-12-27,71.49375915527344,66.9083465576172,86.07599639892578,72.50779978434245
2019-12-30,71.91809844970703,67.14583689371744,82.94000244140625,72.94346644083659
2019-12-31,72.44355773925781,67.37518564860027,83.66600036621094,73.38453318277995
2020-01-02,74.09644317626953,67.64861119588217,86.052001953125,73.91966654459635
2020-01-03,73.3760757446289,67.90468571980794,88.60199737548828,74.47626647949218
2020-01-06,73.96076965332031,68.20574264526367,90.30799865722656,75.13839975992839
2020-01-07,73.61292266845703,68.50490798950196,93.81199645996094,75.89993286132812
2020-01-08,74.79708099365234,68.8454366048177,98.4280014038086,76.96059951782226
2020-01-09,76.38583374023438,69.20117848714193,96.26799774169922,77.92726618448893
2020-01-10,76.55852508544922,69.57978108723958,95.62999725341797,78.92213287353516
2020-01-13,78.19413757324219,69.98371149698893,104.97200012207031,80.21259943644206
2020-01-14,77.13827514648438,70.3572982788086,107.58399963378906,81.59913279215495
2020-01-15,76.80770111083984,70.74527638753256,103.69999694824219,82.82333272298177
2020-01-16,77.76982116699219,71.20405654907226,102.697998046875,84.00526606241861
2020-01-17,78.63080596923828,71.67270482381186,102.0999984741211,85.18839925130209
2020-01-21,78.09793090820312,72.09201329549154,109.44000244140625,86.63393274943034
2020-01-22,78.376708984375,72.47842839558919,113.91200256347656,88.19173278808594
2020-01-23,78.75415802001953,72.90859146118164,114.44000244140625,89.74286626180013
2020-01-24,78.52719116210938,73.3183603922526,112.96399688720703,91.18273289998372
2020-01-27,76.21807861328125,73.63232777913412,111.60399627685547,92.55153274536133
2020-01-28,78.37423706054688,74.01249313354492,113.37999725341797,93.93299942016601
2020-01-29,80.01478576660156,74.41699905395508,116.197998046875,95.41699930826823
2020-01-30,79.89884185791016,74.7789082845052,128.16200256347656,97.14573262532552
2020-01-31,76.3562240600586,75.01820755004883,130.11399841308594,98.95626602172851
2020-02-03,76.14653015136719,75.25602696736654,156.0,101.53526611328125
2020-02-04,78.66041564941406,75.57533950805664,177.41200256347656,104.75539957682291
2020-02-05,79.30184173583984,75.92080256144206,146.94000244140625,106.94946645100912
2020-02-06,80.22942352294922,76.25968653361002,149.79200744628906,109.14773330688476
2020-02-07,79.13890075683594,76.55999959309896,149.61399841308594,111.2998664855957
2020-02-10,79.51475524902344,76.82646102905274,154.25599670410156,113.56879959106445
2020-02-11,79.03502655029297,77.07783660888671,154.87600708007812,115.8621332804362
2020-02-12,80.91194152832031,77.37763137817383,153.45799255371094,118.21273295084636
2020-02-13,80.33575439453125,77.64070460001628,160.8000030517578,120.78386637369792
2020-02-14,80.35553741455078,77.84934107462566,160.00599670410156,123.2489995320638
2020-02-18,78.88419342041016,78.03294499715169,171.67999267578125,126.01826604207356
2020-02-19,80.02664184570312,78.23514073689779,183.48399353027344,129.1241325378418
2020-02-20,79.20565795898438,78.42156524658203,179.8820037841797,131.9931327819824
2020-02-21,77.412841796875,78.50875727335612,180.1999969482422,134.71886596679687
2020-02-24,73.73570251464844,78.42041956583658,166.75799560546875,137.06853256225585
2020-02-25,71.23810577392578,78.24307225545247,159.98199462890625,139.2135991414388
2020-02-26,72.36820220947266,78.04887440999349,155.75999450683594,140.90653228759766
2020-02-27,67.63762664794922,77.73218612670898,135.8000030517578,141.8470657348633
2020-02-28,67.59806060791016,77.42519810994466,133.59800720214844,142.84366607666016
2020-03-02,73.89148712158203,77.295920308431,148.7239990234375,144.37786610921225
2020-03-03,71.54474639892578,77.05971832275391,149.1020050048828,145.94459966023763
2020-03-04,74.86331176757812,76.95189768473307,149.89999389648438,147.29326604207355
2020-03-05,72.43497467041016,76.75383987426758,144.9080047607422,148.32646611531575
2020-03-06,71.47303009033203,76.51113560994466,140.6959991455078,149.20166600545247
2020-03-09,65.820068359375,76.08756484985352,121.5999984741211,149.4895327250163
2020-03-10,70.560546875,75.89898045857747,129.0659942626953,150.07159932454428
2020-03-11,68.10994720458984,75.55683746337891,126.84600067138672,150.52046610514324
2020-03-12,61.383766174316406,74.9358034769694,112.11000061035156,150.3841995239258
2020-03-13,68.73805236816406,74.56377716064453,109.3239974975586,149.75626602172852
2020-03-16,59.895111083984375,74.01507339477538,89.01399993896484,148.38626607259116
2020-03-17,62.52870178222656,73.5611457824707,86.04000091552734,146.05426610310872
2020-03-18,60.99800109863281,72.97239863077799,72.24400329589844,142.54866612752278
2020-03-19,60.53063201904297,72.3466916402181,85.52799987792969,140.5015993754069
2020-03-20,56.687808990478516,71.56197115580241,85.50599670410156,138.3587323506673
2020-03-23,55.483524322509766,70.77345860799154,86.85800170898438,136.26686579386393
2020-03-24,61.04993438720703,70.15796457926432,101.0,134.4916659037272
2020-03-25,60.713626861572266,69.54725125630696,107.8499984741211,132.92413228352865
2020-03-26,63.908565521240234,68.98047205607097,105.63200378417969,131.3299326578776
2020-03-27,61.262603759765625,68.34470036824544,102.87200164794922,129.39899927775065
2020-03-30,63.01090621948242,67.7665459950765,100.4260025024414,127.41299947102864
2020-03-31,62.882320404052734,67.23315022786458,104.80000305175781,125.1836664835612
2020-04-01,59.57363510131836,66.55138333638509,96.31199645996094,122.27793324788412
2020-04-02,60.567718505859375,65.9301186879476,90.89399719238281,119.31166636149088
2020-04-03,59.6972770690918,65.33959986368815,96.00199890136719,116.50506642659505
2020-04-06,64.90512084960938,65.04524714152018,103.24800109863281,114.38806660970052
2020-04-07,64.15337371826172,64.80908940633138,109.08999633789062,112.69166666666666
2020-04-08,65.79534912109375,64.58999430338541,109.76799774169922,111.15860010782878
2020-04-09,66.27013397216797,64.5444112141927,114.5999984741211,110.45193328857422
2020-04-13,67.57085418701172,64.54350433349609,130.19000244140625,110.33833312988281
2020-04-14,70.9833984375,64.44656804402669,141.97799682617188,110.11346638997396
2020-04-15,70.33551788330078,64.4062604268392,145.96600341796875,110.0089330037435
2020-04-16,70.89437866210938,64.2739626566569,149.04200744628906,109.98033345540365
2020-04-17,69.93243408203125,64.19054463704427,150.7779998779297,110.17599995930989
2020-04-20,68.48088073730469,64.09080632527669,149.27200317382812,110.46186676025391
2020-04-21,66.36409759521484,64.10894063313802,137.343994140625,110.98666661580404
2020-04-22,68.275634765625,64.03277689615885,146.4219970703125,111.56520004272461
2020-04-23,68.01103210449219,64.0294797261556,141.12600708007812,112.04120025634765
2020-04-24,69.97447967529297,64.31583684285482,145.02999877929688,113.13853352864584
2020-04-27,70.02394104003906,64.35869979858398,159.75,114.81940027872722
2020-04-28,68.8888931274414,64.65849253336589,153.82400512695312,116.97973378499348
2020-04-29,71.15155029296875,64.94592081705729,160.1020050048828,119.44846725463867
2020-04-30,72.65258026123047,65.33440678914388,156.37600708007812,122.252867380778
2020-05-01,71.48291778564453,65.69948298136393,140.26400756835938,124.07740097045898
2020-05-04,72.49432373046875,66.22636680603027,152.23800659179688,126.30180130004882
2020-05-05,73.5823745727539,66.82966181437175,153.64199829101562,128.52793451944987
2020-05-06,74.341552734375,67.27271575927735,156.51600646972656,130.37846806844075
2020-05-07,75.11060333251953,67.75261497497559,156.00799560546875,131.98373463948568
2020-05-08,76.89836883544922,68.18560841878255,163.88400268554688,133.92546793619792
2020-05-11,78.10839080810547,68.74713465372722,162.25799560546875,135.90500106811524
2020-05-12,77.21574401855469,69.22062924702962,161.8820037841797,137.9535344441732
2020-05-13,76.28343200683594,69.66733296712239,158.19200134277344,139.73326772054037
2020-05-14,76.7520751953125,70.2399476369222,160.66600036621094,141.87840118408204
2020-05-15,76.2983169555664,70.7643009185791,159.83399963378906,144.17640126546223
2020-05-18,78.09598541259766,71.37759119669596,162.7259979248047,146.4005345662435
2020-05-19,77.64472198486328,71.8022445678711,161.6020050048828,148.34566802978514
2020-05-20,79.1547622680664,72.30229085286459,163.11199951171875,150.14640146891276
2020-05-21,78.56462860107422,72.72793350219726,165.52000427246094,152.00480168660482
2020-05-22,79.0704574584961,73.15461095174153,163.37600708007812,153.63066864013672
2020-05-26,78.53486633300781,73.52007802327473,163.7740020751953,154.75013529459636
2020-05-27,78.87704467773438,73.78319956461588,164.04600524902344,155.48573557535806
2020-05-28,78.91175842285156,74.06907424926757,161.16200256347656,155.99226888020834
2020-05-29,78.83489227294922,74.33375803629558,167.0,156.5908686319987
2020-06-01,79.80440521240234,74.66282374064127,179.6199951171875,157.5522684733073
2020-06-02,80.17384338378906,75.05258916219076,176.31199645996094,158.45360158284504
2020-06-03,80.61521911621094,75.52762654622396,176.5919952392578,159.76186828613282
2020-06-04,79.92093658447266,75.91580327351888,172.87600708007812,160.64366861979167
2020-06-05,82.1971664428711,76.38867441813152,177.1320037841797,161.8438685099284
2020-06-08,82.68315124511719,76.81229680379232,189.98399353027344,163.34233500162762
2020-06-09,85.29412841796875,77.32130304972331,188.13400268554688,164.28846842447916
2020-06-10,87.48853302001953,77.94129104614258,205.00999450683594,165.99466807047526
2020-06-11,83.28816986083984,78.34584503173828,194.5679931640625,167.1435343424479
2020-06-12,84.00724029541016,78.72433369954427,187.05599975585938,168.16620076497395
2020-06-15,85.04617309570312,79.17644220987955,198.17999267578125,170.09673360188802
2020-06-16,87.30008697509766,79.66996765136719,196.42599487304688,171.56966654459634
2020-06-17,87.17858123779297,80.12317454020182,198.35800170898438,173.060199991862
2020-06-18,87.21331024169922,80.5522331237793,200.79200744628906,174.53606669108072
2020-06-19,86.71491241455078,80.93904342651368,200.17999267578125,176.0084665934245
2020-06-22,88.98369598388672,81.34188766479492,198.86399841308594,177.17446645100912
2020-06-23,90.88304138183594,81.76770935058593,200.3560028076172,178.44440002441405
2020-06-24,89.27875518798828,82.1698097229004,192.1699981689453,179.4539998372396
2020-06-25,90.46399688720703,82.64249521891276,197.1959991455078,180.75413309733074
2020-06-26,87.6844253540039,83.00690689086915,191.947998046875,181.79686635335287
2020-06-29,89.70525360107422,83.45380477905273,201.8699951171875,183.19806620279948
2020-06-30,90.4540786743164,83.86574122111003,215.96200561523438,184.97259979248048
2020-07-01,90.28297424316406,84.28701629638672,223.92599487304688,187.05006612141926
2020-07-02,90.28297424316406,84.65795669555663,241.73199462890625,189.6707326253255
2020-07-06,92.69807434082031,85.12907155354817,274.3160095214844,193.2972661336263
2020-07-07,92.41044616699219,85.57373784383138,277.97198486328125,197.11713205973308
2020-07-08,94.56269836425781,86.10799891153971,273.1759948730469,200.76386515299478
2020-07-09,94.9693374633789,86.6444086710612,278.8559875488281,204.5908645629883
2020-07-10,95.1354751586914,87.18519922892253,308.92999267578125,209.51646423339844
2020-07-13,94.69659423828125,87.71392262776693,299.4119873046875,213.9301971435547
2020-07-14,96.26366424560547,88.26256459554037,303.3599853515625,218.05486348470052
2020-07-15,96.92571258544922,88.8209602355957,309.2019958496094,222.48453013102213
2020-07-16,95.73303985595703,89.32488759358723,300.12799072265625,226.6023966471354
2020-07-17,95.53963470458984,89.84551086425782,300.1679992675781,230.84546305338543
2020-07-20,97.55303192138672,90.357373046875,328.6000061035156,235.89439646402994
2020-07-21,96.20663452148438,90.8081558227539,313.6719970703125,240.01732991536457
2020-07-22,96.4769058227539,91.18091506958008,318.46600341796875,244.36172993977866
2020-07-23,92.08562469482422,91.33415145874024,302.614013671875,247.61519724527994
2020-07-24,91.85750579833984,91.61979598999024,283.3999938964844,250.57626393636068
2020-07-27,94.03456115722656,91.95404001871745,307.9200134277344,254.60506439208984
2020-07-28,92.48979949951172,92.2021608988444,295.2980041503906,257.8423314412435
2020-07-29,94.26268005371094,92.43424733479817,299.8219909667969,261.2888646443685
2020-07-30,95.40326690673828,92.70840352376302,297.49798583984375,264.5935307820638
2020-07-31,105.39089965820312,93.31432317097982,286.1520080566406,267.43886413574216
2020-08-03,108.0465087890625,94.02537638346354,297.0,270.66619771321615
2020-08-04,108.76805114746094,94.68485488891602,297.3999938964844,273.9507308959961
2020-08-05,109.16230010986328,95.29416351318359,297.0039978027344,277.1723307291667
2020-08-06,112.97088623046875,96.0839012145996,297.9159851074219,280.6971969604492
2020-08-07,110.40241241455078,96.74851506551107,290.5419921875,283.80873006184896
2020-08-10,112.00708770751953,97.55927047729492,283.7139892578125,286.8675964355469
2020-08-11,108.67601776123047,98.19162928263346,274.87799072265625,289.3011962890625
2020-08-12,112.28778839111328,98.91941960652669,310.9519958496094,292.467529296875
2020-08-13,114.2750015258789,99.71915384928386,324.20001220703125,295.80999654134115
2020-08-14,114.17316436767578,100.51549352010092,330.1419982910156,298.7569966634115
2020-08-17,113.87507629394531,101.22139358520508,367.12799072265625,301.85072937011716
2020-08-18,114.823974609375,101.96851119995117,377.4179992675781,305.1655965169271
2020-08-19,114.9680404663086,102.64868927001953,375.70599365234375,308.58326314290366
2020-08-20,117.5191421508789,103.40034942626953,400.3659973144531,312.6335968017578
2020-08-21,123.57518768310547,104.34833984375,409.9960021972656,316.00246378580727
2020-08-24,125.05317687988281,105.36022593180338,402.8399963378906,319.45006408691404
2020-08-25,124.02728271484375,106.28567988077799,404.6679992675781,322.8269978841146
2020-08-26,125.71392059326172,107.24528681437174,430.6340026855469,326.8747314453125
2020-08-27,124.21109771728516,108.19455540974936,447.75,331.79546508789065
2020-08-28,124.00989532470703,109.14356409708658,442.67999267578125,336.5458648681641
2020-08-31,128.21534729003906,110.16564127604167,498.32000732421875,342.2031982421875
2020-09-01,133.32249450683594,111.40283660888672,475.04998779296875,347.58246459960935
2020-09-02,130.5602569580078,112.53894831339518,447.3699951171875,351.87926432291664
2020-09-03,120.10748291015625,113.47301025390625,407.0,355.3587972005208
2020-09-04,120.1869888305664,114.41732635498047,418.32000732421875,359.8561309814453
2020-09-08,112.0989990234375,115.01947428385417,330.2099914550781,360.59913024902346
2020-09-09,116.57024383544922,115.82215576171875,366.2799987792969,362.96519673665364
2020-09-10,112.76471710205078,116.43889032999674,371.3399963378906,365.34913024902346
2020-09-11,111.28424072265625,116.96825612386068,372.7200012207031,367.8565307617188
2020-09-14,114.62276458740234,117.27598495483399,419.6199951171875,372.305463663737
2020-09-15,114.8016128540039,117.50115509033203,449.760009765625,377.3974639892578
2020-09-16,111.41340637207031,117.589333597819,441.760009765625,382.20946451822914
2020-09-17,109.63484191894531,117.60508499145507,423.42999267578125,386.4236643473307
2020-09-18,106.15721893310547,117.37796274820964,442.1499938964844,391.23146464029946
2020-09-21,109.37651062011719,117.34376602172851,449.3900146484375,396.5263987223307
2020-09-22,111.09545135498047,117.31337814331054,424.2300109863281,401.21026611328125
2020-09-23,106.43543243408203,117.23869196573894,380.3599853515625,404.72633260091146
2020-09-24,107.52840423583984,117.08004582722982,387.7900085449219,407.2875996907552
2020-09-25,111.56244659423828,116.98962732950847,407.3399963378906,410.0589324951172
2020-09-28,114.2253189086914,116.99136581420899,421.20001220703125,413.094199625651
2020-09-29,113.36088562011719,116.97422612508139,419.07000732421875,414.8256001790365
2020-09-30,115.06988525390625,116.98242314656575,429.010009765625,416.5453338623047
2020-10-01,116.04362487792969,117.01827596028646,448.1600036621094,418.96046752929686
2020-10-02,112.29771423339844,116.8442283630371,415.0899963378906,419.4512674967448
2020-10-05,115.75548553466797,116.58357162475586,425.67999267578125,419.97406717936195
2020-10-06,112.43682861328125,116.1630266825358,413.9800109863281,420.34540100097655
2020-10-07,114.34456634521484,115.84026947021485,425.29998779296875,421.0331339518229
2020-10-08,114.23526000976562,115.45764745076498,425.9200134277344,420.8760009765625
2020-10-09,116.22248077392578,115.19136021931966,434.0,420.41766764322915
2020-10-12,123.60498809814453,115.17786331176758,442.29998779296875,420.4050008138021
2020-10-13,120.32608032226562,114.91488774617513,446.6499938964844,418.6826670328776
2020-10-14,120.41551971435547,114.48465525309244,461.29998779296875,418.2243336995443
2020-10-15,119.93856811523438,114.13059895833334,448.8800048828125,418.27466735839846
2020-10-16,118.2593765258789,114.06899541219076,439.6700134277344,419.36366780598956
2020-10-19,115.23880767822266,113.90405604044597,430.8299865722656,419.7806671142578
2020-10-20,116.75902557373047,114.05939025878907,421.94000244140625,422.8383341471354
2020-10-21,116.12312316894531,114.04448623657227,422.6400146484375,424.7170013427734
2020-10-22,115.0102767944336,114.11933822631836,425.7900085449219,426.53200174967446
2020-10-23,114.3048095703125,114.22002385457357,420.6300048828125,428.1290018717448
2020-10-26,114.31474304199219,114.20975646972656,420.2799987792969,428.1510019938151
2020-10-27,115.8548355102539,114.24486389160157,424.67999267578125,427.31500142415365
2020-10-28,110.48934936523438,114.2140619913737,406.0199890136719,426.12366739908856
2020-10-29,114.58302307128906,114.37900136311849,410.8299865722656,425.70366719563805
2020-10-30,108.164306640625,114.44590428670247,388.0400085449219,423.9000010172526
2020-11-02,108.07487487792969,114.40251642862955,400.510009765625,422.2706675211588
2020-11-03,109.73420715332031,114.35714162190756,423.8999938964844,422.2596669514974
2020-11-04,114.21537780761719,114.61647313435873,420.9800109863281,423.61366780598956
2020-11-05,118.2693099975586,114.97450332641601,438.0899963378906,425.2903340657552
2020-11-06,118.13494873046875,115.19358673095704,429.95001220703125,426.04400126139325
2020-11-09,115.77603149414062,115.245277150472,421.260009765625,426.04600118001304
2020-11-10,115.42766571044922,115.31416982014974,410.3599853515625,425.7556671142578
2020-11-11,118.93119812011719,115.44288024902343,417.1300048828125,425.3596669514974
2020-11-12,118.65251922607422,115.52984339396158,411.760009765625,424.1463338216146
2020-11-13,118.70228576660156,115.74332911173502,408.5,423.9266672770182
2020-11-16,119.73741912841797,115.8760602315267,408.0899963378906,423.3403340657552
2020-11-17,118.83167266845703,116.08922170003255,441.6099853515625,424.26133321126304
2020-11-18,117.47803497314453,116.19367065429688,486.6400146484375,426.306000773112
2020-11-19,118.08517456054688,116.32200113932292,499.2699890136719,428.7509999593099
2020-11-20,116.791259765625,116.34096043904623,489.6099853515625,430.6046661376953
2020-11-23,113.31758117675781,115.998046875,521.8499755859375,433.25633239746094
2020-11-24,114.63140869140625,115.80822448730468,555.3800048828125,436.8806660970052
2020-11-25,115.48738098144531,115.64395319620768,574.0,440.6373331705729
2020-11-27,116.04476165771484,115.5141596476237,585.760009765625,445.2
2020-11-30,118.4932632446289,115.52195587158204,567.5999755859375,449.4643320719401
2020-12-01,122.14610290527344,115.75219904581705,584.760009765625,454.5953328450521
2020-12-02,122.50442504882812,115.94371236165365,568.8200073242188,459.4913330078125
2020-12-03,122.36507415771484,116.15177739461264,593.3800048828125,465.182666015625
2020-12-04,121.67829895019531,116.3740447998047,599.0399780273438,470.9576649983724
2020-12-07,123.1712875366211,116.6695940653483,641.760009765625,478.3286651611328
2020-12-08,123.79833984375,116.98571395874023,649.8800048828125,485.98199869791665
2020-12-09,121.21049499511719,117.164235941569,604.47998046875,491.97533162434894
2020-12-10,122.66366577148438,117.570046488444,627.0700073242188,499.3436655680338
2020-12-11,121.83755493164062,117.81186421712239,609.989990234375,505.9823323567708
2020-12-14,121.21049499511719,118.24673716227214,639.8300170898438,514.3753326416015
2020-12-15,127.28196716308594,118.88697357177735,633.25,522.1333323160808
2020-12-16,127.21229553222656,119.46957651774089,622.77001953125,528.7623331705729
2020-12-17,128.09812927246094,119.93233489990234,655.9000244140625,536.5930002848307
2020-12-18,126.06768035888672,120.19228057861328,695.0,545.1566670735677
2020-12-21,127.63033294677734,120.50879338582357,649.8599853515625,552.4869995117188
2020-12-22,131.2632598876953,121.0250343322754,640.3400268554688,559.7896667480469
2020-12-23,130.3475799560547,121.52236480712891,645.97998046875,567.6436665852865
2020-12-24,131.3528289794922,121.93641916910808,661.77001953125,575.7983337402344
2020-12-28,136.05076599121094,122.51636072794597,663.6900024414062,584.1960001627605
2020-12-29,134.23927307128906,123.03426030476888,665.989990234375,592.7789998372396
2020-12-30,133.0946502685547,123.47950134277343,694.780029296875,602.3353342692058
2020-12-31,132.06947326660156,123.92076136271159,705.6699829101562,611.1373341878256
2021-01-04,128.80482482910156,124.29832102457682,729.77001953125,619.2416676839192
2021-01-05,130.39732360839844,124.70872599283854,735.1099853515625,627.1030008951823
2021-01-06,126.0079574584961,125.01594924926758,755.97998046875,635.9820007324219
2021-01-07,130.30775451660156,125.5822883605957,816.0399780273438,645.7883341471354
2021-01-08,131.43246459960938,126.1423235575358,880.02001953125,656.60966796875
2021-01-11,128.3768310546875,126.57197189331055,811.1900024414062,664.5160013834635
2021-01-12,128.1976776123047,126.97706909179688,849.4400024414062,673.3053344726562
2021-01-13,130.27789306640625,127.36989008585611,854.4099731445312,682.8656677246094
2021-01-14,128.30715942382812,127.57525863647462,845.0,691.5403340657552
2021-01-15,126.54542541503906,127.70995864868163,826.1599731445312,700.1183329264323
2021-01-19,127.23220825195312,127.87219645182292,844.5499877929688,708.4906656901042
2021-01-20,131.41256713867188,128.19667205810546,850.4500122070312,716.8710001627604
2021-01-21,136.2299346923828,128.63196029663087,844.989990234375,723.645332845052
2021-01-22,138.41964721679688,129.11933720906575,846.6400146484375,730.2039998372396
2021-01-25,142.25161743164062,129.82070795694986,880.7999877929688,739.4146667480469
2021-01-26,142.4905242919922,130.4816032409668,883.0900268554688,747.9486673990885
2021-01-27,141.39564514160156,131.13353958129883,864.1599731445312,756.4210001627604
2021-01-28,136.44888305664062,131.64148585001627,835.4299926757812,762.9409993489584
2021-01-29,131.34288024902344,131.77684961954753,793.530029296875,768.2836669921875
2021-02-01,133.51268005371094,131.98686243693035,839.8099975585938,775.5183329264323
2021-02-02,134.3587188720703,132.1955487569173,872.7899780273438,782.747998046875
2021-02-03,133.31362915039062,132.43708038330078,854.6900024414062,788.0709981282552
2021-02-04,136.74749755859375,132.74098587036133,849.989990234375,794.7419982910156
2021-02-05,136.32383728027344,132.90967178344727,852.22998046875,801.8049967447917
2021-02-08,136.47337341308594,133.11386489868164,863.4199829101562,809.0529968261719
2021-02-09,135.57623291015625,133.25464502970377,849.4600219726562,815.3093302408854
2021-02-10,134.9582061767578,133.218226369222,804.8200073242188,820.0136637369792
2021-02-11,134.6990509033203,133.2335522969564,811.6599731445312,824.8693298339844
2021-02-12,134.93826293945312,133.295006052653,816.1199951171875,828.9139953613281
2021-02-16,132.76524353027344,133.31819839477538,796.219970703125,831.9323282877605
2021-02-17,130.4227294921875,133.37212855021158,798.1500244140625,834.2116617838542
2021-02-18,129.29632568359375,133.33542861938477,787.3800048828125,835.9539957682292
2021-02-19,129.45582580566406,133.45035756429036,781.2999877929688,836.7979960123698
2021-02-22,125.5981674194336,133.2933713277181,714.5,833.413330078125
2021-02-23,125.45861053466797,133.09424285888673,698.8400268554688,827.3739969889323
2021-02-24,124.95023345947266,132.98002293904622,742.02001953125,825.0683308919271
2021-02-25,120.60414123535156,132.72690505981444,682.219970703125,819.4943298339844
2021-02-26,120.87328338623047,132.41341807047527,675.5,813.5306640625
2021-03-01,127.38246154785156,132.3825948079427,718.4299926757812,809.3116638183594
2021-03-02,124.7209701538086,132.32177963256837,686.4400024414062,804.6543314615885
2021-03-03,121.67072296142578,132.1363967895508,653.2000122070312,798.2759989420573
2021-03-04,119.74687957763672,131.74754053751627,621.4400024414062,790.6423319498698
2021-03-05,121.03276824951172,131.2409683227539,597.9500122070312,782.407666015625
2021-03-08,115.98890686035156,130.49327697753907,563.0,772.9529988606771
2021-03-09,120.70381927490234,129.77501703898113,673.5800170898438,766.0456665039062
2021-03-10,119.59737396240234,129.01191202799478,668.0599975585938,758.877998860677
2021-03-11,121.571044921875,128.35109202067056,699.5999755859375,753.392665608724
2021-03-12,120.64401245117188,127.82426300048829,693.72998046875,748.6693318684896
2021-03-15,123.59457397460938,127.56598612467448,707.9400024414062,745.8163309733073
2021-03-16,125.1695327758789,127.2878812154134,676.8800048828125,740.385331217448
2021-03-17,124.36212158203125,126.95466130574545,701.8099975585938,734.6859985351563
2021-03-18,120.1456069946289,126.51572723388672,653.1599731445312,727.968330891927
2021-03-19,119.60733032226562,125.94438832600912,654.8699951171875,721.4643310546875
2021-03-22,122.99649047851562,125.5001434326172,670.0,715.3899983723958
2021-03-23,122.14920043945312,125.02267100016276,662.1599731445312,708.6813313802083
2021-03-24,119.7070083618164,124.49369684855144,630.27001953125,701.3749979654948
2021-03-25,120.20541381835938,124.00193710327149,640.3900146484375,695.8939982096355
2021-03-26,120.82344055175781,123.5394167582194,618.7100219726562,689.462333170573
2021-03-29,121.00286102294922,123.0749033610026,611.2899780273438,682.6346659342448
2021-03-30,119.51761627197266,122.63331578572591,635.6199951171875,677.2813334147136
2021-03-31,121.76044464111328,122.34457295735677,667.9299926757812,672.9406656901042
2021-04-01,122.60772705078125,122.12161966959636,661.75,668.752998860677
2021-04-05,125.49848937988281,121.98970845540364,691.0499877929688,665.7446655273437
2021-04-06,125.8074951171875,121.99668604532877,691.6199951171875,664.9819986979167
2021-04-07,127.49210357666016,122.06446914672851,670.969970703125,664.0529968261719
2021-04-08,129.9442596435547,122.23093668619792,683.7999877929688,662.1123291015625
2021-04-09,132.57583618164062,122.62999318440755,677.02001953125,661.9389973958333
2021-04-12,130.8214569091797,122.96159896850585,701.97998046875,662.8216634114583
2021-04-13,134.0012664794922,123.18222579956054,762.3200073242188,664.2846638997396
2021-04-14,131.6089324951172,123.41182454427083,732.22998046875,665.8109965006511
2021-04-15,134.07106018066406,123.82516911824544,738.8499755859375,668.6659952799479
2021-04-16,133.73214721679688,124.29134470621744,739.780029296875,672.6106628417969
2021-04-19,134.4099578857422,124.73725102742513,714.6300048828125,676.4999959309896
2021-04-20,132.6855010986328,125.29380416870117,718.989990234375,681.6996622721355
2021-04-21,133.07423400878906,125.70615132649739,744.1199951171875,684.0509948730469
2021-04-22,131.51922607421875,126.10354639689128,719.6900024414062,685.7719950358073
2021-04-23,133.89163208007812,126.51423263549805,729.4000244140625,686.7653299967448
2021-04-26,134.2903594970703,126.96911087036133,738.2000122070312,688.2476643880208
2021-04-27,133.96139526367188,127.31467157999674,704.739990234375,688.1409973144531
2021-04-28,133.15399169921875,127.58082021077475,694.4000244140625,688.7249979654948
2021-04-29,133.05430603027344,127.87055969238281,677.0,687.897998046875
2021-04-30,131.04075622558594,128.2337313334147,709.4400024414062,689.7739990234375
2021-05-03,132.11729431152344,128.65073013305664,684.9000244140625,690.775
2021-05-04,127.4422607421875,128.79892247517904,673.5999755859375,690.8949991861979
2021-05-05,127.69147491455078,128.9836649576823,670.9400024414062,691.187666829427
2021-05-06,129.32623291015625,129.30430577596027,663.5399780273438,692.2966654459635
2021-05-07,130.0152130126953,129.63129908243815,672.3699951171875,693.3626647949219
2021-05-10,126.66022491455078,129.82585856119792,629.0399780273438,693.7069966634115
2021-05-11,125.72164154052734,129.9831512451172,617.2000122070312,693.9039978027344
2021-05-12,122.58633422851562,130.08544184366863,589.8900146484375,692.3796651204427
2021-05-13,124.78304290771484,130.186195119222,571.6900024414062,689.1716654459635
2021-05-14,127.25933074951172,130.34124857584635,589.739990234375,686.7713317871094
2021-05-17,126.08109283447266,130.36066869099935,576.8300170898438,682.9639994303385
2021-05-18,124.66322326660156,130.32252629597983,577.8699951171875,679.1723327636719
2021-05-19,124.50346374511719,130.22290496826173,563.4600219726562,675.5886678059895
2021-05-20,127.11953735351562,130.12874755859374,586.780029296875,672.3546691894531
2021-05-21,125.24235534667969,129.8842981974284,580.8800048828125,669.1500020345052
2021-05-24,126.90985107421875,129.75391133626303,606.4400024414062,665.9653361002604
2021-05-25,126.71015930175781,129.51087443033853,604.6900024414062,660.7110026041667
2021-05-26,126.66022491455078,129.34591751098634,619.1300048828125,656.9410034179688
2021-05-27,125.09257507324219,129.04663467407227,630.8499755859375,653.3410034179688
2021-05-28,124.423583984375,128.73634923299153,625.219970703125,649.5223347981771
2021-06-01,124.09407043457031,128.39248631795246,623.9000244140625,646.4980021158855
2021-06-02,124.8729019165039,128.13206634521484,605.1199951171875,642.7023356119792
2021-06-03,123.35518646240234,127.80809809366862,572.8400268554688,636.9930033365886
2021-06-04,125.70166778564453,127.61417948404947,599.0499877929688,632.971669514974
2021-06-07,125.71165466308594,127.34151357014974,605.1300048828125,628.829335530599
2021-06-08,126.5503921508789,127.08351465861003,603.5900268554688,624.3423360188802
2021-06-09,126.93981170654297,126.84946187337239,598.780029296875,620.8103373209635
2021-06-10,125.92134094238281,126.60837351481119,610.1199951171875,618.0010030110677
2021-06-11,127.15947723388672,126.41187922159831,609.8900146484375,615.764003499349
2021-06-14,130.2847900390625,126.3866803487142,617.6900024414062,612.7056701660156
2021-06-15,129.44606018066406,126.29763921101888,599.3599853515625,609.854335530599
2021-06-16,129.95529174804688,126.3814069112142,604.8699951171875,607.5633361816406
2021-06-17,131.59283447265625,126.5114522298177,616.5999755859375,605.752001953125
2021-06-18,130.26483154296875,126.54273885091146,623.3099975585938,604.4110026041667
2021-06-21,132.10208129882812,126.61230112711588,620.8300170898438,602.6930033365885
2021-06-22,133.77955627441406,126.84961217244467,623.7100219726562,602.5153381347657
2021-06-23,133.49998474121094,127.10889027913412,656.5700073242188,603.8276713053385
2021-06-24,133.21041870117188,127.46302642822266,679.8200073242188,606.8253377278646
2021-06-25,132.91087341308594,127.73395411173503,671.8699951171875,610.1646708170573
2021-06-28,134.578369140625,127.97792205810546,688.719970703125,613.4640034993489
2021-06-29,136.1260528564453,128.3127540588379,680.760009765625,616.9283365885417
2021-06-30,136.75511169433594,128.71581700642903,679.7000122070312,620.3226704915364
2021-07-01,137.0646514892578,129.13452326456706,677.9199829101562,624.1380025227865
2021-07-02,139.75062561035156,129.55555953979493,678.9000244140625,627.2086690266927
2021-07-06,141.8075408935547,130.10773239135742,659.5800170898438,629.8320027669271
2021-07-07,144.35372924804688,130.6891949971517,644.6500244140625,631.1056701660157
2021-07-08,143.0257110595703,131.2330467224121,652.8099975585938,632.7096700032552
2021-07-09,144.89291381835938,131.84080301920574,656.9500122070312,633.9703369140625
2021-07-12,144.28382873535156,132.4805114746094,685.7000122070312,635.798671468099
2021-07-13,145.422119140625,133.1804626464844,668.5399780273438,637.2426717122396
2021-07-14,148.92686462402344,134.0082224527995,653.3800048828125,638.2253377278646
2021-07-15,148.25787353515625,134.78772150675456,650.5999755859375,639.7413370768229
2021-07-16,146.17098999023438,135.54824829101562,644.219970703125,642.1206685384115
2021-07-19,142.2368927001953,136.09942245483398,646.219970703125,643.6930013020833
2021-07-20,145.9313507080078,136.77341232299804,660.5,645.5386678059896
2021-07-21,145.18247985839844,137.3944819132487,655.2899780273438,647.2619995117187
2021-07-22,146.58038330078125,138.04916763305664,649.260009765625,648.9446655273438
2021-07-23,148.33775329589844,138.79638137817383,643.3800048828125,650.0533325195313
2021-07-26,148.76712036132812,139.51663614908855,657.6199951171875,651.6443318684895
2021-07-27,146.55043029785156,140.05882415771484,644.780029296875,652.5473327636719
2021-07-28,144.7631072998047,140.56939239501952,646.97998046875,654.1346659342448
2021-07-29,145.422119140625,141.08495330810547,677.3499755859375,656.5506652832031
2021-07-30,145.64178466796875,141.55325164794922,687.2000122070312,658.9039998372396
2021-08-02,145.30230712890625,142.05450083414715,709.6699829101562,661.782666015625
2021-08-03,147.13954162597656,142.55574951171874,709.739990234375,664.7463317871094
2021-08-04,146.73016357421875,142.98743642171223,710.9199829101562,667.653330485026
2021-08-05,146.83999633789062,143.4321034749349,714.6300048828125,669.5886637369791
2021-08-06,146.13999938964844,143.86308949788412,699.0999755859375,670.2313293457031
2021-08-09,146.08999633789062,144.3023935953776,713.760009765625,671.6276631673177
2021-08-10,145.60000610351562,144.66978149414064,709.989990234375,672.3366638183594
2021-08-11,145.86000061035156,144.99424641927084,707.8200073242188,673.2386637369792
2021-08-12,148.88999938964844,145.39874267578125,722.25,674.6569966634114
2021-08-13,149.10000610351562,145.79992116292317,717.1699829101562,675.9653299967448
2021-08-16,151.1199951171875,146.17890014648438,686.1699829101562,676.2076619466146
2021-08-17,150.19000244140625,146.45831553141275,665.7100219726562,676.4119954427083
2021-08-18,146.36000061035156,146.5251912434896,688.989990234375,677.8899943033854
2021-08-19,146.6999969482422,146.64766743977864,673.469970703125,678.5786600748698
2021-08-20,148.19000244140625,146.7575703938802,680.260009765625,679.3556599934896
2021-08-23,149.7100067138672,146.93844299316407,706.2999877929688,680.0423258463542
2021-08-24,149.6199951171875,147.0783721923828,708.489990234375,681.3739929199219
2021-08-25,148.36000061035156,147.05947672526042,711.2000122070312,683.3013264973958
2021-08-26,147.5399932861328,147.0355473836263,701.1599731445312,684.986659749349
2021-08-27,148.60000610351562,147.11651458740235,711.9199829101562,687.2433268229166
2021-08-30,153.1199951171875,147.47928466796876,730.9099731445312,690.0663269042968
2021-08-31,151.8300018310547,147.6759063720703,735.719970703125,692.5736592610677
2021-09-01,152.50999450683594,147.92015686035157,734.0900268554688,695.2003275553385
2021-09-02,153.64999389648438,148.155810546875,732.3900146484375,697.9713277180989
2021-09-03,154.3000030517578,148.35455220540365,733.5700073242188,700.9776611328125
2021-09-07,156.69000244140625,148.61864827473957,752.9199829101562,704.1543273925781
2021-09-08,155.11000061035156,148.90396728515626,753.8699951171875,707.7906595865885
2021-09-09,154.07000732421875,149.21419728597004,754.8599853515625,711.386659749349
2021-09-10,148.97000122070312,149.33246002197265,736.27001953125,713.3506612141927
2021-09-13,149.5500030517578,149.46273396809895,743.0,715.2106608072917
2021-09-14,148.1199951171875,149.55665690104166,744.489990234375,716.371327718099
2021-09-15,149.02999877929688,149.6196721394857,755.8300170898438,717.9076619466146
2021-09-16,148.7899932861328,149.6883331298828,756.989990234375,719.4433288574219
2021-09-17,146.05999755859375,149.6623331705729,759.489990234375,720.938661702474
2021-09-20,142.94000244140625,149.5556666056315,730.1699829101562,721.9743286132813
2021-09-21,143.42999267578125,149.46699981689454,739.3800048828125,722.8283284505209
2021-09-22,145.85000610351562,149.47533315022787,751.9400024414062,724.2266621907552
2021-09-23,146.8300018310547,149.5076665242513,753.6400146484375,725.7539957682292
2021-09-24,146.9199981689453,149.44199981689454,774.3900146484375,727.4919962565104
2021-09-27,145.3699951171875,149.31766611735026,791.3599853515625,729.9649963378906
